id,label
dDFFVPfE2raEkywM2otm5m,vpn1
cQasTHCdJxN2k999SmZFyF,vpn2
QZWxzWAgoDsWWfwmdbG6Qo,vpn3
VQEd7BBHVq9Y9M7FbTTXTy,vpn1
SsefgHb8JYUZfXACrsEpAu,vpn2
FdYrQ2exX74vsDKLUTU3g6,vpn3
catuuPzj9j4og6M9z5tswo,vpn1
EUycNJ9wjk4KEBvziDppbc,vpn2
TqpBJxcqGj4aTjcYdVpux9,vpn3
YSz8Se9AV6tLNtmKXWJ2WM,vpn1
eFFKL4VAHZZdLyFMwwMZ3J,vpn2
eGV7tkYniQ6e7U6zwT9vxc,vpn3
ct4QGwi9PbzseggsGdHtSK,vpn1
3osybVHGpyhYfpML2uwzRw,vpn2
Latdgr76LwufNWVtPCST7p,vpn3
GSuo5RHhnPwdMdvZ9smroc,vpn1
JCidZcPbJhSxuet2VktmGg,vpn2
Rc5NJ2Wawaf7Rt9KZQ289g,vpn3
L5sWZg36vYE9U62SbfSvMq,vpn1
RB2QqXf7UaaDY38cJynAw9,vpn2
dQdDXc2VtZDLmjr27sr4t6,vpn3
F2WDQP3yjniy3QA8w8mPuB,vpn1
HcB8Xhko37dsek9HBcZUGN,vpn2
oUWw9pczKHqdPiyz968LAi,vpn3
a9v58HV8ed2MTfSnnx2GJF,vpn1
atuMvkFKJcimnVJJKx6Fsg,vpn2
aNosgX7xQvNUK9FmdkG3ar,vpn3
MzdnTFKhvGmCtSqjP2mrCB,vpn1
MMrvZsMTjwnWHJRzdPvpEJ,vpn2
5pDowt55t6igpBCWwJjNVr,vpn3
SpnytqvJRyLD6x6f3ScYCL,vpn1
KfHkjReQpkxRmoqNmViraD,vpn2
58z2372zbjzk4pQ6YbGrtB,vpn3
Lkq8MHDjv7w73dzFj8e8Pc,vpn1
9WUdnwuFkocKx48LosRNN9,vpn2
oHyeBE6EFpn5jANQFDV8qd,vpn3
cN4fxgC9bTrTXJNungqMet,vpn1
fdntvyfHuQThSwPWLnzmTJ,vpn2
5dHFtNdETh29f3f62cfwFV,vpn3
4N6vtQz3bNw9KS4EEsk72s,vpn1
J3dYpmqZo8iFfwayA49fdS,vpn2
XavTwvscqW4NrRcpcpAxyg,vpn3
AyoxwMV466RjiMzSN2YZXF,vpn1
axCgBaE2hcDTZkeSvNXda4,vpn2
KgGGUmbQyfgNcQS6bHTDeH,vpn3
ZmVLQCV3xjWwdVBpJeWsDq,vpn1
