id,label
dDFFVPfE2raEkywM2otm5m,vpn3
cQasTHCdJxN2k999SmZFyF,vpn3
QZWxzWAgoDsWWfwmdbG6Qo,vpn2
VQEd7BBHVq9Y9M7FbTTXTy,vpn3
SsefgHb8JYUZfXACrsEpAu,vpn3
FdYrQ2exX74vsDKLUTU3g6,vpn1
catuuPzj9j4og6M9z5tswo,vpn1
EUycNJ9wjk4KEBvziDppbc,vpn2
TqpBJxcqGj4aTjcYdVpux9,vpn1
YSz8Se9AV6tLNtmKXWJ2WM,vpn1
eFFKL4VAHZZdLyFMwwMZ3J,vpn1
eGV7tkYniQ6e7U6zwT9vxc,vpn2
ct4QGwi9PbzseggsGdHtSK,vpn3
3osybVHGpyhYfpML2uwzRw,vpn2
Latdgr76LwufNWVtPCST7p,vpn2
GSuo5RHhnPwdMdvZ9smroc,vpn2
JCidZcPbJhSxuet2VktmGg,vpn3
Rc5NJ2Wawaf7Rt9KZQ289g,vpn2
L5sWZg36vYE9U62SbfSvMq,vpn2
RB2QqXf7UaaDY38cJynAw9,vpn2
dQdDXc2VtZDLmjr27sr4t6,vpn1
F2WDQP3yjniy3QA8w8mPuB,vpn1
HcB8Xhko37dsek9HBcZUGN,vpn2
oUWw9pczKHqdPiyz968LAi,vpn1
a9v58HV8ed2MTfSnnx2GJF,vpn3
atuMvkFKJcimnVJJKx6Fsg,vpn3
aNosgX7xQvNUK9FmdkG3ar,vpn1
MzdnTFKhvGmCtSqjP2mrCB,vpn2
MMrvZsMTjwnWHJRzdPvpEJ,vpn3
5pDowt55t6igpBCWwJjNVr,vpn1
SpnytqvJRyLD6x6f3ScYCL,vpn2
KfHkjReQpkxRmoqNmViraD,vpn2
58z2372zbjzk4pQ6YbGrtB,vpn1
Lkq8MHDjv7w73dzFj8e8Pc,vpn3
9WUdnwuFkocKx48LosRNN9,vpn2
oHyeBE6EFpn5jANQFDV8qd,vpn3
cN4fxgC9bTrTXJNungqMet,vpn2
fdntvyfHuQThSwPWLnzmTJ,vpn2
5dHFtNdETh29f3f62cfwFV,vpn2
4N6vtQz3bNw9KS4EEsk72s,vpn3
J3dYpmqZo8iFfwayA49fdS,vpn2
XavTwvscqW4NrRcpcpAxyg,vpn1
AyoxwMV466RjiMzSN2YZXF,vpn3
axCgBaE2hcDTZkeSvNXda4,vpn2
KgGGUmbQyfgNcQS6bHTDeH,vpn3
ZmVLQCV3xjWwdVBpJeWsDq,vpn3
